"DESCRIPTION","DURATION IN MS","NAME","PARENT SUITE","START TIME","STATUS","STOP TIME","SUB SUITE","SUITE","TEST CLASS","TEST METHOD"
"","225","Test Case Inv-2: Verify each product has title, image, price, description and Add to Cart button (using Accessibility testing snapshot)","chromium","2026-08-24","failed","2026-08-24","Inventory testing suite for products","Inventory/inventory-products.spec.ts","",""
"","230","Test Case Inv-3: Verify correct sorting of products: A to Z","chromium","2026-08-24","failed","2026-08-24","Inventory testing suite for sorting products","Inventory/inventory-sorting-tests.spec.ts","",""
"","226","Test Case Inv-6: Verify correct sorting of products: high to low","chromium","2026-08-24","failed","2026-08-24","Inventory testing suite for sorting products","Inventory/inventory-sorting-tests.spec.ts","",""
"","1596","QA Testing","firefox","2026-08-24","passed","2026-08-24","Full Authentication Testing Suite","Auth/testing-auth.spec.ts","",""
"","245","Test Case ATC-7: Verify correct behavior when adding one new item to the cart","chromium","2026-08-24","failed","2026-08-24","E2E full Testing Suite for Add To Cart","Inventory/inventory-add-to-cart-tests.spec.ts","",""
"","246","Test Case Inv-4: Verify correct sorting of products: Z to A","chromium","2026-08-24","failed","2026-08-24","Inventory testing suite for sorting products","Inventory/inventory-sorting-tests.spec.ts","",""
"","237","Test Case Inv-1: Verify correct product names (titles) and description (test will fail because of weird names)","chromium","2026-08-24","failed","2026-08-24","Inventory testing suite for products","Inventory/inventory-products.spec.ts","",""
"","484","QA Testing","chromium","2026-08-24","passed","2026-08-24","Full Authentication Testing Suite","Auth/testing-auth.spec.ts","",""
"","239","Test Case Inv-5: Verify correct sorting of products - prices: low to high","chromium","2026-08-24","failed","2026-08-24","Inventory testing suite for sorting products","Inventory/inventory-sorting-tests.spec.ts","",""
